"""is_sarcastic",headline
1,Mental Health Experts Advise On Best Ways To Combat Intrusive Thoughts Of Your Father Naked
1,The Onion’s Father’s Day Gift Guide For The Dad Who Has It All
1,Staples Center Employee Realizes He Left Shot Clock Buzzer On This Whole Time
1,Father’s Day Gifts That Will Make Your Dad Feel Exactly The Way He Already Feels
1,"Huh, Boyfriend’s Ex Just Made Interesting Hair Choice"
1,Mom Comes Back From Long Call With Friend Looking Real Sad
1,"‘It’s Perfect Outside,’ Announces Sweating Woman Slowly Losing Consciousness In Middle Of Heatstroke"
1,Man Hates How Hot Dog-Eating Contests Reduce Art Of Eating Hot Dogs To A Competition
1,Kristen Stewart To Play Princess Diana In Upcoming Biopic
1,Resigned Pew Research Study Has No Fucking Clue What’s Going On With 15% Of Americans
1,"Aunt Jemima, Mrs. Butterworth, Uncle Ben’s Brands To Be Overhauled"
1,Traveling Contortionist Excited To Get Off The Road And Finally Stop Living Inside Suitcase
1,White House Toilet Doesn’t Know If It Can Handle Another 4 Years Of Trump
1,Kentucky Attorney General So Starstruck By Letter From Beyoncé He Unable To Even Read What It’s About
1,Researchers Find Crows Smart Enough Not To Let On How Smart They Really Are
1,Sony Reveals PS5 Fully Customizable With Different Little Hats
1,‘And What Do We Want To Do About This Nest Full Of Baby Sparrows?’ Asks Barber Giving Man His First Haircut In 6 Months
1,Report: This A Goddamn Walk In The Park Compared To What’s Coming In 2027
1,Jimmy Carter Checks Into Rehab For Debilitating House-Building Addiction
1,American Airlines Suspends Alcohol Service For Economy Class
1,Heavily Armed Fans Guard Statue Of Yogi Bear In Case It Turns Out He Supported Confederacy
1,7-Eleven Cancels Free Slurpee Day
1,William Howard Taft Historian Confident Solution To Nation’s Troubles Can Be Found In Storied Career Of William Howard Taft
1,NASA Launches Paparazzo Rover In Beverly Hills To Search For Signs Of Salacious Celebrity Life
1,Sweat-Soaked Mattress Praying This The Year Couple Invests In Air Conditioner
1,Manipulative Stepmom Only Married Dad So She Could Take Care Of Him Into Old Age
1,Report: There Already 5 Million Players Who Are Better Than You’ll Ever Be At ‘Valorant’
1,Congress Moving Toward Safer Vote-By-Paper-Airplane Option
1,Disgusted Patio Diner Pretty Sure She Just Saw Coronavirus Scurry Into Bushes
1,2021 Oscars Postponed 2 Months
1,Entire Oklahoma State Team To Boycott Season After Mike Gundy Seen In NCAA Shirt
1,Scientists Discover Mysterious Radio Transmission From Space That Repeats 50-Minute Intervals Of Nonstop Classic Rock Blocks
1,42-Year-Old Man Still Unsure What His Interests Are
1,Supreme Court Rules Federal Law Protects LGBT Workers
1,‘More Tranquil Dammit!’ Screams Perfectionist Ambient Sound Producer Demanding Another Take From Babbling Creek
1,"Over 500,000 Americans Sign Petition Demanding End To Coronavirus"
1,Jeff Bezos Depressed After Realizing Net Worth Still Just Number Known To Man
1,"Birch Tree Pictures Nude 4,000-Year-Old Bristlecone Pine To Delay Pollen Release"
1,NRA Receives Massive Funding Increase From Donors Held At Gunpoint
1,Passing Lane
1,Fantasy Baseball League Commissioner Knows Handling Of Pandemic Will Define His Legacy
1,Weight Watchers Debuts New Ad Asking If You Remember Time Grandma Said ‘Someone Got Heavy’ In Front Of Everybody
1,"Your Horoscopes — Week Of June 16, 2020"
1,Melania Trump Renegotiated Prenup Before Moving Into White House
1,The Biggest Titles Announced At The PS5 Game Lineup Event
1,"‘So, It Means Making The Police Lose Their Homes And Forcing Them To Get A Divorce?’ Says Nation Still Struggling To Understand How Defunding The Police Works"
1,36-Year-Old Man Begins Outlining A Savings Plan For PS5
1,Covid-19 Cases Spike In 21 States
1,Adidas Unveils New Line Of Soccer Stuff
1,Amazon Temporarily Halts Police Use Of Facial Recognition Software Until It Can Perfect ‘Other Faces You Might Be Interested In’ Feature
1,Former DEA Officer Pleads Guilty To Posing As CIA Agent In Fraud Scheme
1,City Enters Phase 4 Of Pretending Coronavirus Over
1,ExxonMobil Simplifies Oil Extraction By Cutting Earth In Half
1,Online Activists Raise $5 Million To Create New Martin Luther King Jr. Quote
1,"The Week In Pictures – Week Of June 15, 2020"
1,Lady Antebellum Changes Name
1,Brutal: Playstation Has Cancelled The Entire PS5 Game Lineup After @NicoBoy95 Commented ‘No One Cares’ On Their Livestream
1,Sorry Gamers: ‘The Last Of Us Part II’ Has Been Delayed Again Because Naughty Dog’s Headquarters Fell Into The Ocean
1,Pros And Cons Of Removing Historical Statues
1,Quaker Oats Replaces Historically Racist Aunt Jemima Mascot With Black Female Lawyer Who Enjoys Pancakes Sometimes
1,Red Sox Ask Fans To Switch From Racial To Homophobic Slurs When Taunting Opposing Players
1,Showrunner Worried This A Bad Time For New Series About 2 Cop Best Friends Who Get Neo-Nazi Roommate
1,Giant Pandas Finally Mate After Being Married In Catholic Ceremony
1,Crabs: Did Evolving Chitinous Exoskeletons And Strong Pincers Send The Wrong Message To America’s Impressionable Teens?
1,Archaeologists May Have Discovered Oldest Theater In London
1,Stimulus Dreck
1,TV Show ‘Cops’ Cancelled
1,Anna Kendrick’s ‘Love Life’ Pulled From HBO Max Until It Can Return With Historical Context
1,South Secedes From NASCAR Following Confederate Flag Ban
1,No Way In Hell Man Going To Start Examining Relationship With Food Right Now
1,White Ally Willing To Do Whatever It Takes To Make Sure People Won’t Be Mad At Him
1,Treasure Chest Buried In Rocky Mountains Discovered
1,New Guidelines Allow Gyms To Reopen For Weak Little Bitches Who Just Diddle Around And Don’t Break A Real Sweat Anyway
1,Controversial Photos Of Dem Leaders Wearing Kente Cloth Resurface From 3 Days Ago
1,Astronaut Becomes First Woman To Reach Deepest Point In Ocean
1,U.K. Demonstrators Tear Down Statue Of Slave Trader
1,Woman On Sidewalk Can’t Even Summon Kernel Of Whimsy Required To Skip Along Hopscotch
1,Timeline Of Trump’s Response To The George Floyd Protests
1,37-Year-Old Worried He Might Have Missed Boat On Becoming Child Prodigy
1,Biden Flattered His 1994 Crime Bill Suddenly Starting To Receive So Much Attention
1,"‘Trump Is Finally Done, Trump Is Finally Done,’ Says Strait-Jacketed Opinion Columnist Babbling To Cup Of Applesauce"
1,Georgia Secretary Of State Vows To Investigate Why Some Residents Forced To Wait 2 Centuries To Vote
1,‘Banjo-Kazooie’ Fans Will Love This: This Man Threw His Bird On The Ground
1,Adopt-A-Slide: These 10 Slides Still Need A Slideshow Home
1,Second Meal After Grocery Trip A Severe Drop-Off From First Meal After Grocery Trip
1,WHO Walks Back Claim That Covid-19 Can Only Be Transmitted Through Locking Eyes With One True Love
1,Woman Begins Defeated Slog Back Upstairs To Apartment To Retrieve Forgotten Mask
1,TV Critic Struggling To Explain Appeal Of Watching Television To Average American
1,Tuba Player In John Williams Orchestra Loves Giving Little Toot When Something Dramatic Happens
1,NASA Launches Vengeance Rover To Pay Back Mars For Killing Opportunity Back In 2018
1,U.S. Economy Officially Entered Recession In February
1,‘New Yorker’ Cartoon Editor Defends Publishing Comic By Tom Cotton
1,Woman Who Hasn’t Attended Protest Yet Hoping Police Brutality Still Going On Next Week Too
1,Major Hype: Gamers Have Been Divorcing Their Spouses Because They Aren’t As Beautiful As The Graphics On ‘Unreal Engine 5’
1,"8-Month Odyssey Of Distress, Despair Ends In Redemption As Man Finally Gets Around To Buying Batteries For Remote"
1,"Your Horoscopes — Week Of June 9, 2020"
1,Panicked White Woman Calls Police On Statue Of Martin Luther King Jr.
1,"‘Moms Are The Real Heroes,’ Reads New Comment On 2015 ‘Ant-Man’ Trailer"
1,Everyone Who Learned Of Our Dalliance With The Colonel This Year
1,Apparently Even Fence Feels Need To Comment On Woman’s Appearance
1,"Elmer Fudd, Yosemite Sam Will Not Have Guns In ‘Looney Tunes’ Reboot"
1,Poll Finds Two-Thirds Of Americans Think Trump Has Made Racial Tensions Worse
1,TikTok Apologizes After Inadvertently Giving Platform To Thousands Of Theater Kids
1,Congress Announces Willingness To Offer Black Lives Matter Protesters Holiday Or Statue
1,Company Issues Statement Announcing They Stand With Rejected Black Applicants
1,Wriggling Cat To Be Held Until It Accepts Its Fate
1,Kyrie Irving Suggests NBA Hold Games Inside Higher Plane Of Reality Beyond Limits Of Mortal Realm
1,15 Popes They Didn’t Tell You About In Sunday School
1,New LinkedIn Feature Lets Job-Seekers Add Most Humiliating Things They Willing To Endure
1,"The Week In Pictures – Week Of June 8, 2020"
1,YouTube Star Jake Paul Charged With Trespassing
1,General Mattis Condemns Trump As Threat To Constitution
1,Two Buffalo Police Officers Suspended After Staining Clean Sidewalk With Blood
1,Police Chief Vows To Take Concrete Steps To Better Cover Up Violence
1,Pros And Cons Of Curfew Laws
1,Buffalo Police Request Reinforcements Until Elderly-Man Rampages Fully Contained
1,Oakland Athletics Stadium Immediately Converted Into Condos After Team Misses Rent Payment
1,"Letdown: Naughty Dog Says They Worked So Hard On ‘The Last Of Us II’s Amazing Cutscenes, They Only Had Time To Create A Basic Word Puzzler For Gameplay"
1,Family Left Elderly Grandmother To Die In Nursing Home But Not Like This
1,Health Experts Warn Protests Could Set Off Second Wave Of Police Brutality
1,Georgia Governor Orders Statue Of Robert E. Lee To Be Replaced With Larger Statue Of Robert E. Lee
1,"Richmond, Virginia Mayor Issues Ordinance To Remove Confederate Statues"
1,Snapchat To Stop Promoting Trump’s Account
1,The Greatest NBA Teams Of All Time
1,U.S. Flag Can’t Believe Fucking Wuss Cries Every Time National Anthem Plays
1,Republican Leaders Claim New Yorkers Will Greet U.S. Military As Liberators
1,Drew Brees Admits He Doesn’t Trust Black People Ever Since Falcons Linebacker Stole Football Straight Out Of His Hands
1,"On Top Of Everything, Man’s Allergies Also Acting Up"
1,Mark Zuckerberg Announces Virtual Roundtable With American Hate Groups To Better Understand How They Work
1,Mental Health Experts Recommend Bed Only Be Used For Shooting Amateur Pornography
1,Minnesota Launches Civil Rights Probe Against Minneapolis PD
1,Jay-Z Takes Out Full-Page Ad To Honor George Floyd
1,"‘This Face Will Be The Last Thing You See Before You Die,’ Says Trump In Healing Address To Nation"
1,How To Reform The Police
1,Primaried Steve King Glad He At Least Won’t Have To Be PC Anymore
1,Police Defend Use Of Non-Lethal Rubber Tires On Protestors
1,Democratic Leaders Announce That They’ve Learned The Words ‘Systemic Racism’
1,Botanists Concerned By What Returning To Work Will Do To Nation’s House Plants
1,Americans Buying More Frozen Foods During Pandemic
1,Facebook Employees Stage Virtual Walkout
1,"‘She Needs A Bible Now, Fuckwad—Yes, It’s For An Epic Clapback!’ Yells Panicked Pelosi Aide Into Phone"
1,Auntie Anne’s Breaks From Pack By Calling For Protesters To Be Shot
1,"Trump Throws Garbage Can Through McDonald’s Window Before Looting $2,000 In Big Macs"
1,Police Didn’t Spend Millions On Awesome Tank Just To Let Protests Stay Peaceful
1,Roger Goodell Insists Martin Luther King Jr. Would Have Wanted 17-Game Football Season In Front Of Full Stadiums
1,Community Of Losers Comes Together To Clean Graffiti Off Multinational Banking Conglomerate
1,Cities Nationwide Placed Under Curfews
1,De Blasio: ‘It Is An Honor To Have My Daughter Doxxed By The Greatest Police Force In The World’
1,9 Things Introverts Do All The Time
1,An Acquired Waste
1,Old Bike Chain Needing More And More Lube To Perform
1,"Your Horoscopes — Week Of June 2, 2020"
1,Study: Dolphins Not So Intelligent On Land
1,"Minneapolis, New York City Bus Drivers Refuse To Help Police Transport Protestors"
1,Sweatshop Worker Devastated To Hear Jacket She Worked So Hard On Looted
1,"‘Let Them Have Eric,’ Screams Trump While Pushing Son Through Door Of Bunker"
1,"Cop Unable To Move After Taping Over Badge, Body Cam, Face, Body"
1,Miami Mayor Suggests Citizens May Be Able To Resume Grinding On Each Other By July 1
1,Trump Claims U.S. Will Designate Antifa A Terrorist Organization
1,Study Finds Majority Of Times Either Too Early Or Too Late
1,Fed Chairman Downloads Budgeting App To Help Manage Nation’s Economy
1,7 Places You HAVE To Go After You Die
1,"Florida Governor Deploys National Guard To Force Residents Back Into Malls, Movie Theaters"
1,CNN Turns 40
1,"The Week In Pictures – Week Of June 1, 2020"
1,Grandmother’s Final Words ‘Have When It Together On It Go Family’
1,Archaeologists Discover Perfectly Preserved Roman Mosaic Floor
1,"‘I Will Not Be Censored,’ Yells Trump Chaining Himself To Phone Displaying Twitter Homepage"
1,Effects Of Online Public Shaming
1,Adam Silver Shows Solidarity With Players By Inserting Self As Milwaukee Bucks Point Guard
1,Top 10 Best Cities To Move To Today
1,Woman Needs To Shut Up And Allow Man To Be Ally
1,Major Relief: Blizzard Has Announced That ‘Overwatch’ Players Will Be Able To Carry Over Their Unlocked Skins And Emotes Into The Afterlife
1,Covid-19 Antibody Tests May Be Wrong 50% Of The Time
1,NASA Curious How Folks Would Feel If They Hypothetically Already Launched A Manned Mars Mission That Didn’t Go So Hot
1,Historic SpaceX Launch Postponed
1,Man Questions If It Really Necessary For Protesters To Be Black
1,Protestors Criticized For Looting Businesses Without Forming Private Equity Firm First
1,White House Press Secretary: ‘Trump’s Critics Will Seize On Any Six-Figure Death Toll That Suits Their Narrative’
1,‘Mommy Had To Go To The Hospital Today’ Starts Instagram Chihuahua’s Darkest Post To Date
1,WHO Warns Covid-19 Could Mean End To Blowing Water Through Pool Noodle Into Friends’ Faces
1,Inspirational ‘Hang In There’ Chalk Message The Thing That Finally Breaks Entire Neighborhood
1,What To Read While Social Distancing
1,Top 9 Black Plague FAILS
1,Mike Tyson Offered $20 Million To Compete In Fight
1,Authorities Receive List Of Demands From Increasingly Hostile Coronavirus
1,Cautious Black Man Avoids Appearing As Threat To White Person By Crossing To Other Dimension
1,Jack Dorsey Assures Twitter Users That Company Having Most Idiotic Possible Internal Conversations About Trump’s Account
1,Inspiring: CD Projekt Red To Immortalize Programmers Who Died Making ‘Cyberpunk 2077’ As NPCs So They Can Serve CD Projekt Forever
1,Twitter Refuses To Remove Trump Tweets About Scarborough Conspiracy Theory
1,10 Breathtaking Photos That Perfectly Capture The Unwavering Spirit Of Scissors
1,Woman Knows Current Hardships Just Preparing Her To One Day Give Up Completely
1,Architect Has Amazing Idea For Replacing Freedom Tower If Worst Were To Happen Again
1,Half Hour Of Constant Rubbing Somehow Fails To Soothe Irritated Eye
1,Remote Possibilities
1,Family Increasingly Terrified That Ghost Haunting House Might Be Pedophile
1,Deepak Chopra’s EPIC Twitter Meltdown
1,CDC Warns Of Aggressive Rats Scavenging For Food
1,"What Are ‘Coronavirus Parties,’ And Why Weren’t We Invited?"
1,Trump Claims To Have Stopped Taking Hydroxychloroquine
1,Minneapolis Police Now Requiring Officers To Undergo Ergonomics Training To Better Protect Knees
1,"DNC To Streamline Fundraising By Cutting Out Unnecessary Cost Of Campaigns, Candidates"
1,Top So-Called Expired Items That Are Still Perfectly Good
1,Trump: ‘Even One Death That Makes Me Look Bad Is A Tragedy’
1,Tyson Promises Meatpackers Who Die From Coronavirus Will Not Go To Waste
1,"8 People Having A Way Better Day Than You, Although Perhaps It Is Reckless To Make A Snap Judgement About Another Person’s Life Based Solely On An Image"
1,"Your Horoscopes — Week Of May 26, 2020"
1,Heavenly Sources Confirm Jesus Christ Will Transfer To Iowa State University After Getting Grades Up
1,"The Week In Pictures – Week Of May 25, 2020"
1,"CDC Issues Safety Guidelines For Pools, Water Parks, Hot Tubs"
1,Man Always Self-Sabotaging By Working To The Best Of His Ability
1,The 9 Most SCANDALOUS Rihanna Photos
1,Complete Bullshit: Designers Of This Online Shooter Made It So This Guy Died Even Though He Totally Ducked
1,19 Tweets From The Audubon Society/Barack Obama Twitter Feud
1,Military Announces $2 Million Research Initiative To Find Out How Mother Of 3 Kathy Summers Able To Do It All
1,How To Stay Connected To Others During Social Distancing
1,"Lori Loughlin, Mossimo Giannulli Plead Guilty In College Admissions Scandal"
1,Governor Upset Barber Would Be So Reckless As To Get Near Ben Roethlisberger
1,Xi Jinping Warns Of Second Coronavirus Wave Likely To Disappear Thousands Of Hong Kong Residents
1,11 Simple Cocktail Recipes To Try While Quarantining
1,Missile Rushed To Hospital
1,Man Shines Phone Light Over Empty Condom Drawer Like Wily Groundskeeper Hunting For Trespassers
1,The Weapons Of The Future And What Sounds You Should Make With Your Mouth While Describing What They Do
1,A True Miracle: This Woman Just Gave Birth To A Nintendo Switch
1,What To Know About The Flooding In Michigan
1,Judge Rules Salvage Company Can Cut Into Titanic Wreck
1,Quarantine Leading To More People Taking In Foster Gimps
1,10 Things That Will Make You SUPER Nostalgic For The ’90s
1,Raspberry Self-Conscious About Amount Of Body Hair
1,Frustrated CEO Admits Pfizer Discovered Coronavirus Vaccine Months Ago But Still Can’t Agree On Ad Campaign
1,German Soccer League Simulates Presence Of Fans By Pumping Racial Slurs Into Stadiums
1,Coronavirus Forces Ford Plants To Temporarily Close Days After Reopening
1,Marriott CEO Tells Investors He’s Had A Good First Quarter In Terms Of His Personal Life
1,NFL Reminds Black Coaches They’ll Get Their Chance Once League Runs Out Of Grudens And Shanahans
1,FiveThirtyEight Releases New Analytics Model Predicting Who Coronavirus Will Vote For
1,"Justin Bieber, Ariana Grande Deny Claim They Bought No. 1 Billboard Spot"
1,10 Wyobraźni Co My Gwarantujemy Przyniesie Uśmiech na Twej Twarzy
1,Warm Weather Compels Concept Of ‘Bikini Bod’ To Slither Forward From Poisoned Subconscious
1,"Confused Primitive Extraterrestrial Shrugs, Take Huge Bite Of Golden Record"
1,Penneys From Heaven
1,Benadryl Introduces New Controlled Coma Pills To Sedate Users For Entirety Of Allergy Season
1,All 50 States Unveil Plans To Ease Coronavirus Restrictions By Memorial Day
1,Trump Orders CDC To Research His Investment Portfolio For Potential Coronavirus Cures
1,Unclear Why Only One Half Of Couple Wearing Mask
1,"Nation’s Politicians, Law Enforcement, Corporate Executives Marvel At Futuristic Utopia They’re Living In"
1,Pros And Cons Of Voting By Mail
1,Report: 0.004% Of Carbon Pollution Caused By Manufacturing Of ‘Mars Needs Moms’ Promotional Apparel
1,The 10 Worst Bar Mitzvahs
1,"Good News, ‘Final Fantasy’ Fans: Looks Like They Made A Bunch Of Those Things"
1,Conversation-Starved Man Finally Treating Bumping Into Coworker As Exquisite Treasure It Truly Is
1,Garlic Clove Concerned About Being Deployed Into Water Glass With No Real Exit Strategy
1,Notre Dame To Reopen Campus For Fall Semester
1,"Study Finds ‘Auld Lang Syne’ Good Enough Song To Be Belted Out On Other Occasions, Too"
1,Rapid Drop In Greenhouse Gas Emissions Causes Planet To Freeze Over
1,U.S. To Combat Growing Disillusionment By Playing New National Pump-Up Anthem Throughout Country
1,Trump Says He Taking Hydroxychloroquine
1,Growing Drug Tolerance Drives Trump To Buy Black-Tar Hydroxychloroquine Off Dealer In D.C. Metro Station
1,Amazon Institutes New ‘Hero Tax’ Charging Essential Workers Additional $2 Per Hour For Honor Of Bravely Performing Job
1,"‘This Is A Crazy Time, And It’s Okay If You’re Scared’ Says Man Burying Gagged Prisoner Alive"
1,High Production Values Most Suspicious Part Of Conspiracy Theory Video
1,10 Songs You Didn’t Know Were Written About Celebrities
1,Rusty LeBron James Unable To Identify A Basketball
1,"Your Horoscopes — Week Of May 19, 2020"
1,"Obama, Malala Among Headliners For Virtual Commencement"
1,Americans React With Indifference After First Case Of Coronavirus Spreading To Pet Ferret
1,Mount St. Helens’ Anniversary Brings Divided Nation Together To Remember Grisly Scene In ‘Dante’s Peak’ When Dude’s Elbow Pops Out
1,"‘Just Know It’s Far Worse Than Whatever President Water Did,’ Says Trump Explaining Obamagate"
1,Stocks Rally On Hope For Coronavirus Vaccine
1,Recipe Calls For Banana As If Man Has Access To Fucking Caribbean Street Market
1,"Coworkers On Zoom Trapped In Infinite Loop Of Telling Each Other ‘Oh Sorry, No, Go Ahead’"
1,Terrifying Implications: Leaked Nintendo Source Code Could Give Terrorists The Ability To Weaponize Kirby
1,Unplanned 2:30 A.M. Trip Through Steven Seagal’s Wikipedia Page Worth Every Goddamn Second
1,God Recalls Getting Start As Backup Dancer Before Making It Big As Deity
1,So-Called Hero Puts Eggs At Bottom Of Grocery Bag
1,"The Week In Pictures – Week Of May 18, 2020"
1,51 Blank Slides
1,New Research Indicates Coronavirus Did Not Spread From Pangolins
1,Investigation Reveals Coronavirus Covering Its Tracks By Making Victims’ Deaths Look Like Car Accidents
1,Drake Fans Accuse Kenny Chesney Of Manipulating Billboard Charts By Putting Effort Into Album
1,No One Aware Coworker Stormed Out Of Slack Meeting
1,Nervous New Driver Going To Stick To Sidewalks Until He’s More Confident
1,Desperate Sports Fan Would Almost Be Willing To Watch Own Kids Play In Backyard At This Point
1,Wisconsin Bars Reopen Following State Supreme Court Decision
1,Helpful HR Email Offers Employees Tips For Ignoring Mental Health
1,500-Mile Dead Zone Found Off Atlantic Coast Linked To Runoff From Olive Garden Alfredo Pipe
1,Emmanuel Macron: America’s Frenchest President?
1,74 Normal Photos And 2 Kinda Weird Ones
1,The 11 Best Games To Play For The Nintendo Switch
1,Record Number Of Women Running For U.S. House In 2020
1,"Democrats Praise Joe Biden For Being Only Candidate Able To Talk Down To Americans Like The Stupid, Slack-Jawed Dumdums They Really Are"
1,Singing Birds Dressing Princess All Struggling With Bra Clasp
1,"Florida Governor Deploys National Guard To Force Residents Back Into Malls, Movie Theaters"
1,113-Year-Old Beats Coronavirus
1,Police Still Investigating What Happened Between Officer Discharging Weapon And Suspect’s Head Exploding
1,"U.S. Economists Predict Endless, Mandelbrot-Shaped Recovery"
1,11 Greatest Sports Moments Made Possible By PEDs
1,Updated Patriot Act Finally Legalizes 80% Of Current FBI Operations
1,"Nurse Wearing Snoopy Scrubs, Floral Face Mask To Work Must Think Pandemic Some Kind Of Joke"
1,Differences Between The Stock Market And The Economy
1,Signs Of Sickness
1,New Windex Formula Promises To Kill Twice As Many Birds
1,Health Officials Close Restaurant That Opened For Mother’s Day
1,Biden Campaign Email Trails Off Halfway Through
1,10 Morally Reprehensible Turtles Who Deserved To Get Their Heads Stuck In Plastic Rings
1,Family Can Trace Ancestry Back To Whatever The Hell Grandma Was Talking About
1,Prize Hog Doesn’t Know How She Can Retain Competition-Ready Body For Another Year
1,10 Over-The-Top Letters From The Alphabet
1,Disgusting Bigotry: The Media Is Only Blaming This Bat For Coronavirus Because He’s A Gamer
1,What To Know About The Killing Of Ahmaud Arbery
1,Eric Trump Requests Meeting With Barron To Determine Whether They Are Uncle And Nephew Or Brothers Or What
1,Episode Of Cooking Show Implying Pastry Chefs Some Sort Of Oppressed Minority
1,Pennsylvania Becomes 3rd State To Fully Outlaw Child Marriage
1,Damning Report Finds White House Ignored Skeletal Horsemen Galloping Through Sky As Early As January
1,Dr. Fauci Warns Of Needless Suffering And Death If America Allowed To Continue
1,White House Will Require Everyone Except Trump To Wear Mask In West Wing
1,Blue Angels Pilot Blushes After Jet Speeds Through Bras And Panties Strung On Alley Clothesline
1,"Report: Mary Grace, Get Your Ass Back Inside This Goddamn Instant"
1,"Yeah, Well, Duck-Billed Platypus Thinks You Look Like Weird Little Freak Too"
1,"Coffee Made, Poured, Consumed Without Single Conscious Thought"
1,Eighth Grader Would Have Cranked Classroom Pencil Sharpener Few More Times If She Knew That Going To Be Last Chance
1,National Grandpa Council Allocates $300 Million To Provide Each American Some Walkin’ Around Money
1,Store Reopens Just In Time For Closeout Sale
1,Coronavirus Assumed White House Would Be Bigger In Person
1,9 MUST-FOLLOW Al-Qaeda Leaders On Twitter
1,FDA Approved First Birth Control Pill 60 Years Ago This Week
1,Health Experts Say Coronavirus Originated In Promiscuous Bat Who Slept Around A Lot
1,"Your Horoscopes — Week Of May 12, 2020"
1,3 Coronavirus Task Force Members To Self-Quarantine
1,Stephen Miller Reassures Sick Wife He Knows What It Looks Like When Woman Dying
1,‘The Last Dance’ Director Defends Creative Choice To Flash Forward To 2046
1,‘God Bless Our Heroes!’ Written Where Tip Should Be
1,All Man’s Fun Facts From Eisenhower Biography From Prologue
1,Last Cheerio Chased Around The Bowl For A Few Laps
1,Trump Blames Nation’s Susceptibility To Coronavirus Outbreak On Weakness Of America’s Race-Muddled Gene Pool
1,Man Can’t Wait For Quarantine To End So He Can Finally Take Shower Again
1,Flashback! 8 Mind-Blowing Photos Of Jessica Alba Before She Was Famous
1,Speedrunner Accidentally Enjoys Game For A Moment
1,Health Officials Warn Mysterious Voice Calling For People To Come Out And Play In Middle Of Night Could Be Coronavirus
1,"The Week In Pictures – Week Of May 11, 2020"
1,Tinder To Introduce In-App Video Chat Feature
1,Experts Warn Unemployment Rate Could Soon Rise To America Is The Greatest Country In The World
1,77% Of Laid-Off Workers Expect To Be Rehired By Employer In Future
1,Georgia Governor Disgusted By Inhumane Filming Of Black Man’s Murder
1,10 Utterly Unremarkable TV Shows To Transform Your Existence Into A Monochromatic Blur Where Each Day Is Indistinguishable From The Last
1,Trump Names Donor As New Postmaster General
1,Most Common Panic-Buying Purchases During Coronavirus
1,Each Successive Comment On ‘Jack And Diane’ Music Video More Heartbreaking Than Last
1,Incredible Security: The Xbox Series X Will Deter Would-Be Burglars By Emitting A Rotting Crab Smell At All Times
1,Watch What Happens When You Zoom In On This Bread
1,12 Sure Signs You Directed The 2006 Motion Picture ‘Babel’
1,Study Finds It Statistically Impossible That Your Mom The Best Mom In The World
1,"Kansas Unveils $1.5 Million, 50,000-Square-Mile ‘Bless This Mess’ Border Mat"
1,"‘Hey,’ Says Chloë Sevigny In Cool, Unaffected Greeting To Firstborn"
1,NYPD Officer Hopes Black Teen Only Coughing Because He Just Choked Him
1,"‘Light ’Em Up, Boys!’ Shouts Gun-Toting CDC Grunt After Hundreds Of Baby Coronaviruses Burst Out Of Pulsating Nest"
1,Rich College Student Trying To Find Shabbiest Angle In Parents’ Penthouse To Zoom Into Class From
1,Scientists Study Llamas In Quest For Coronavirus Treatment
1,God Cleans Cosmos After Discovering Universe Infested With Ants
1,"Stephen A. Smith: ‘I’ve Loved Ha-Seong Kim For Years, But He Will Simply Never Be The Player Jeong Choi Is’"
1,Golden Boy Boxing Applies For PPP Loan To Continue Paying Off Judges
1,REWIND! 10 Sharp Knives That Scarred You For Life
1,New York City Shuts Down Subway Overnight To Disinfect Rats
1,Quiet City Streets Allow Neighborhood Residents To Hear The Natural Sounds Of Couples’ Blow-Out Fights
1,1 In 5 Wendy’s Restaurants Currently Out Of Beef
1,Major Airlines Will Require Passengers Wear Masks During Flights
1,Man Just Can’t Be With Someone Who He Projects So Many Of His Own Flaws Onto
1,Elon Musk Debuts New Self-Parenting Child
1,Study Finds Skin Melting Off Your Hands Revealing Bones Beneath Best Indication You’re About To Have A Bad Trip
1,Biden Campaign Considering Using The Internet To Attract Voters
1,"Conservative Militia Group Prepares For Societal Collapse By Training As Hairstylists, Nail Technicians"
1,How Contact Tracing Works
1,Facebook Cracking Down On Misinformation By Warning Users Who Share Links From Facebook
1,The Top 10 Celebrity Pip Blips
1,Nobody Panic: Bulbasaur Found A Gun
1,Oscar Meyer Whiner
1,Michelle Obama ‘Becoming’ Netflix Documentary Spends First Hour On Embryonic Stage
1,Carnival Cruise Line To Resume Service In August
1,The Top 10 Prevented Nip Slips
1,Boston Market CEO Forgoes Annual 2-Million-Gallon Gravy Bonus To Help Pay Unemployed Workers
1,Immune System Bored Too
1,Bride Only One Not Relieved About Postponed Wedding Date
1,Poll Finds Majority Of Americans Would Prefer Working Remotely After Pandemic
1,"13 Adorable Photos Of Baby Farm Animals, But With Each Click, Another Appendage Will Be Cut Off Our Finance Director’s Body. How Far Will You Go? When Will You Let It Stop?"
1,Pizza Placed In Frozen Slumber Until Time World Needs It Most
1,Man Feels Like He Gets Gist Of Enlightenment After First Few Minutes Of Hearing Zen Monk Talk
1,BREAKING: Millions Of Americans Sucked Out Into Space After NASA Accidentally Open Airlock Above Headquarters
1,"Your Horoscopes — Week Of May 5, 2020"
1,Invasive ‘Murder Hornets’ Confirmed In U.S.
1,Best At-Home Workouts To Do When Your Head Is Stuck In The Banister
1,Camouflage-Wearing Protesters Pose With Virus They Caught
1,Belarusian Soccer Execs Pop Champagne On New Mega Yacht To Celebrate Wave Of Increased Popularity That Will Surely Last Forever
1,Man Can’t Unsee That McDonald’s Logo Just Big ‘M’
1,Trump Blames China For Acting Too Late In Coordinating U.S. Coronavirus Response
1,YouTube Shuts Down Account Of Man Who Pushed 5G Coronavirus Conspiracy
1,Kindergartener Can’t Believe Friend Has Never Seen ‘Cars 3’ Before
1,Indomitable Honey Bee Stings Itself Rather Than Fall To Asian Hornet
1,Major Relief: Microsoft Has Confirmed That The Xbox Series X Will Play Video Games
1,10 Reasons Falling For Shameless Click Bait Makes You A Bad Mother
1,Elena Kagan Mutes Microphone So She Can Listen To Supreme Court Arguments While Washing Dishes
1,Carlos Santana Signs 30-Year Contract Extension With Longtime Hat
1,The Topical Wins A Pulitzer
1,"The Week In Pictures – Week Of May 4, 2020"
1,Doctors Report ‘Covid Toes’ As Possible New Coronavirus Symptom
1,Justin Amash Announces 3rd Party Run For President
1,NCAA Wonders Why Financially Struggling Student Athletes Didn’t Just Exploit Labor Of Others
1,Man Not Sure He Can Take Another 6 Weeks Of Barely Following CDC Guidelines
1,Biden Addresses Sexual Assault Allegations: ‘My Advisors Told Me To Say They Aren’t True’
1,40 Numbers Under 40
1,Glade Unveils New Strap-On Air Freshener
1,Even Better Than Travis Scott: The Nephew Of An Epic Games Executive Will Be Playing Some Songs On The Oboe For Everyone In ‘Fortnite’
1,Hospital Room Admittedly Nice Change Of Scenery
1,Americans React With Indifference After First Case Of Coronavirus Spreading To Pet Ferret
1,How Coronavirus Will Change Human Relationships
1,Struggling United States Purchased By Private Equity Firm
1,New Fossil Evidence Suggests Dinosaur Could Swim
1,"Oh No, You Don’t: Get The Fuck Out Of This Issue, Elijah Wood, We Said We’re Busy This Week And We Meant It"
1,Man In Quarantine Can’t Remember How Long It’s Been Since He Danced Through Town Square Followed By Big Chorus Of Friendly Locals
1,"Look, Brother, Sister Don’t Like That They’re Soulmates Either"
1,Exhausted Parents Struggling To Limit Child’s Time Using Gun
1,Charles Barkley: ‘Michael Jordan Would Have Been Nothing Special Had He Played In My Day’
1,Bourgeois Pig Owns Ostentatious Glass Crafted Specifically To Hold Wine
1,Children’s Science Website Clearly Struggling To Come Up With 10 Facts About Slugs
1,Biden Campaign Fundraising Email Reminds Donors Sexual Assault Allegations Don’t Bury Themselves
1,Mike Pence Tours Mayo Clinic Without Mask
1,Disappointing: Experts Are Now Telling Us That All The Big Kisses We Did To The TV Screen While Princess Zelda Was On Never Got Through To Her
1,"10 Sexiest Photos Of Kates, Uptons"
1,"This Woman Was Isolated In Her Nursing Home, So Her Grandchildren Stood Outside With Signs To Ask Her For Money"
1,Reports Of Kim Jong Un’s Health Creates Confusion Over Possible Successors
1,"Thousands Of Pigs, Cattle Across Nation Stage Walkout Strike Following Trump’s Demands To Keep Meat Plants Open"
1,America Surpasses 1 Million Confirmed Coronavirus Cases
1,Historical Timeline Of U.S. Employment
1,Republicans Ridicule Democrats For Caring As Little About Sexual Assault As They Do
1,Longtime Person Dead At 86
1,Zoom Crasher Becomes Too Engrossed In Sales Meeting To Scream Obscenities
1,What To Cook While Social Distancing
1,Other Butter Companies Scramble To Fill Racism Void Left By Land-O-Lakes
1,Thousands Of Stockpiled Ventilators Sent To New York Hospitals Turn Out To Be Claw Machines
1,10 Clumps Of Grass In Video Games
1,9 Photos Of Jennifer Lawrence That Will Make You Reassess The Scope Of The 1986 Vienna Convention On The Law Of Treaties Between States And International Organizations
1,Vaccine Rates Plummet During Pandemic
1,Woman In Studio Apartment Jealously Watches Woman Standing On Balcony Jealously Watching Woman Relaxing In Yard
1,Undaunted Texas Waffle House Waitress Has Been Expecting To Die There Every Day For The Past 20 Years Anyway
1,Dog Screamed Into
1,One Flu Over The Cuckoo's Nest
1,Millions Of Texans Pop Out Of Barrels To Engage In Shootout After Governor Announces Reopening Of State
1,Airbnb Introduces New 24-Hour Vacancy Policy Between Guests
1,Jay Cutler’s Marriage Completion Percentage Drops To Zero
1,The Land Of The Free: 10 Ways You KNOW You’re Living In The Greatest Country On Earth
1,Walgreens Introduces New Dumbass-Only Shopping Hours For Dipshits Who Don’t Know How To Stay 6 Feet Away
1,"Your Horoscopes — Week Of April 28, 2020"
1,Creatively Unfulfilled Hubble Telescope Transitions From Photography To Decoupage
1,Teleconferencing Pastor Requests Any Worshipper Currently Speaking In Tongues Go On Mute
1,Every Day Garbage Day For Garbage Man
1,Saudi Arabia Bans Public Floggings
1,"‘The Food Supply Chain Is Breaking Down,’ Screams Tyson CEO Being Swallowed Whole By Chicken"
1,Trump Accuses New York Of Padding State’s Mortality Rate By Including African American Deaths
1,North Korean Media Report Kim Jong-Un In Best Health Of Life After Receiving Hundreds Of Heart Transplants
1,Chris Matthews Admits To Inappropriate Behavior During MSNBC Career
1,Cracker Barrel Booth Really Missed Moron’s Giant Ass
1,A Well-Deserved Break: This ER Nurse Just Finished A 15-Hour Shift And Is About To Get Destroyed In ‘Call Of Duty: Warzone’
1,God Pins Up Hunky Shot Of Mesopotamian Hunting Deity As Inspiration To Start Working Out
1,10 ‘Healthy’ Foods That Are Actually Bad For You
1,TheOnion.com Has Been Designated As A Pandemic Shelter In The Event That Covid-19 Could Spread Through The Internet
1,Occupation Drop-Down Menu Forces Man To Scroll Past List Of Every Existing Job Before He Can Select ‘Unemployed’
1,Las Vegas Mayor Suggests Using City As Coronavirus Control Group
1,"The Week In Pictures – Week Of April 27, 2020"
1,The Best Anime Characters
1,Millions Of ‘Last Dance’ Viewers Hooked By Thrilling Benny The Bull Paternity Suit Story
1,"‘A Dash Of Soap Bubbles, 2 Pinches Of Sunshine, And Just A Drop Of Imagination’ Says Top Hat-Wearing Trump Pouring Ingredients Into Fizzing Concoction"
1,Report: Make It Stop
1,Hubble Space Telescope Celebrates 30 Years In Space
1,Effects Of Trump Halting Immigration
1,Report: Jogger Brushing Past You On Street Yesterday All It Took
1,Report: Majority Of Knocks At Study Door Occur At Precise Moment Finishing Touch Being Put On Delicate Scale Model
1,Everything You Need To Know About ‘Valorant’
1,10 SIZZLING HOT Sex Tips
1,Burnt Piece Of Toast On Top Of Trash Serves As Humiliating Monument To Culinary Failures
1,Nation Ashamed To Admit They Would Probably Look Up John Goodman’s Nudes If They Leaked
1,Missouri Sues China Over Coronavirus Pandemic
1,89-Year-Old Football Fan Still Finds It Surreal That Draftees Are Younger Than Him
1,"Tampa Bay Also Acquires Deion Branch, Kevin Faulk, Troy Brown From Patriots"
1,Potentially Promising Covid-19 Vaccine Hits Roadblock After Testing Reveals It’s Just Shotgun
1,Sales Of Video Game Consoles Up During Pandemic
1,What To Watch While Social Distancing
1,Ramadan Begins
1,"Baby Emerges From Game Of Peekaboo Wiser, More Reflective"
1,Man Reaches First Of Dozens Of Breaking Points To Come
1,"Wincing, Screaming Mom Feels Searing Pain In Head Every Time Daughter Across Country Wears Sock With Hole In It"
1,11 Surefire Signs
1,Top Prospects Of The 2020 NFL Draft
1,Lower Smog Levels Revealing Poorly Rendered Parts Of California
1,Federal Reserve To Infuse Wall Street With $500 Billion Worth Of Cocaine
1,Rob Gronkowski Hoping Bucs Trade For Tom Brady Too
1,Gronkowski Breaks 6 Tackles On Way Out Of Neurology Clinic To Finalize Trade With Tampa Bay
1,"Shaggy, Curly-Nailed Georgia Governor Urges Salons To Reopen"
1,Man Not Sure Why He Thought Most Psychologically Taxing Situation Of His Life Would Be The Thing To Make Him Productive
1,Oil Paintings Plunge Into Negative Pricing As Market Overrun With Surplus Of Still Lifes
1,Nancy Pelosi Assures Democratic Reps They Don’t Need To Try Being Productive During Stressful Pandemic
1,Germany Cancels Oktoberfest Due To Coronavirus Fears
1,Silver Lining: ‘The Last Of Us 2’ Has Been Delayed Indefinitely But The ‘Q*bert 50th Anniversary Collection’ Just Released 12 Years Early
1,7 Most Unbelievable Autocorrect WINS
1,Report: Amazon Using Heat-Sensing Alien Hunters To Track Workers Attempting To Unionize
1,How To Fix America’s Protective Equipment Shortage
1,Psychologists: So-Called ‘Dr. Fauci’ Just A Figment Of Nation’s Collective Imagination
1,Shortage Of Supplies Forces Surgeon To Wear Boxing Gloves For Operation
1,It Starting To Become Pretty Clear Just How Much Cruises Were The Bedrock Of Parents’ Marriage
1,2020 Lyrid Meteor Shower Peaks This Week
1,"If Woman Makes It Through This, She Finally Going To Wear Hat In Public"
1,Shake Shack Returns $10 Million Loan Meant For Small Businesses
1,Supply Chain Breakdown Forces Ford To Leave Millions Of F-150s Rotting On Vine
1,Novak Djokovic Clarifies Anti-Vaccine Comments By Insisting He’s Always Supported Having Sponsors
1,Theoretical Commodities Trader Explodes Into Flash Of Pure Energy While Attempting To Buy Negative-Priced Oil
1,"Protesters Demand States Reopen, Notice Spike In Coronavirus Cases, Infuriate Them By Locking Down Again"
1,10 Sandwiches That Look Like British Novelist Martin Amis
1,"Stop The Pandemic, I Want To Get Off"
1,Man Reminds Self Woman On Chiquita Banana Sticker Only Smiling At Him Because That’s Her Job
1,"Your Horoscopes — Week Of April 21, 2020"
1,Land O’ Lakes Displaces Innocent Native American
1,Russians Withdrew $13.6 Billion From ATMs Amidst Coronavirus Fears
1,Nation Close To Getting Video Conferencing Software To Work
1,"More Americans Report Vivid, Violent Dreams During Pandemic"
1,BP Celebrates 10th Anniversary Of Deepwater Horizon By Dyeing Gulf Of Mexico Black
1,Fully Recovered Chris Cuomo Gradually Realizing Family Never Going To Let Him Out Of Basement
1,CDC Urges Nation’s Hotties And Studs Not To Hide That Pretty Little Face Behind A Mask
1,A Timeline Of Marijuana
1,Marijuana And Criminal Justice
1,Marijuana Laws By State
1,Economic Impact Of Marijuana By The Numbers
1,The Health Effects Of Marijuana
1,Boston Market CEO Forgoes Annual 2 Million-Gallon Gravy Bonus To Help Pay Unemployed Workers
1,"Having Trouble Finding The Coelacanth In ‘Animal Crossing’? And You Expect Us To Help You, After All You’ve Done? It Would Be Beneath Us To Even Grant You Death, You Dog"
1,Antsy Nursing Home Residents Counting Down Seconds Until They Can All Get Back To Fucking Each Other
1,13 Most Common Questions Employers Will Ask At A Job Interview
1,Tour De France Postponed Until August
1,"The Week In Pictures – Week Of April 20, 2020"
1,Regretful ‘The Last Dance’ Producers Realize They Probably Should’ve Tried To Interview Michael Jordan
1,Billions Of Viruses Gathered Outside Michigan State Capitol Call For End To Social Distancing Measures
1,Netflix Now Worth More Than Disney
1,Potential Ways For Sports To Restart During Coronavirus
1,Report: Rising Market Instability Driving More Countries To Peg Currencies To Akon’s Akoin
1,"‘You’ve Served Me Well, But This Has Gone Too Far,’ Says Oprah Loading Shotgun After Watching Dr. Oz, Dr. Phil Fox News Appearances"
1,How Popcorn Dethroned Hen-Of-The-Woods Mushrooms As The Iconic Movie Snack
1,Fox News Producer Tasked With Calculating How Long It Would Take To Get Kid Rock A Doctorate
1,‘Salutations And Good Tidings!’ Blurts Out Man Speaking To Other Human For First Time In Days
1,Mental Health Walk Spent Being Glared At By Quarantined People In Windows
1,Pathetic Minimum-Wage Worker Devastated About Losing Job That Only Paid Couple Hundred Dollars A Week Anyway
1,Innovation FTW: New PS5 Controller Features Third Joystick You Operate With Your Tongue
1,Taiwanese Robot Baseball Fan Ejected For Yelling Slurs At Pitch Camera
1,"Ford, General Motors To Begin Manufacturing Car-Sized Ventilators"
1,British WWII Vet Raises Millions For NHS By Walking Laps Around Yard
1,The Greatest Moments In Slideshow History
1,Russian Roulette Champion Wouldn’t Let His Son Play Russian Roulette
1,Spring SAT Tests Cancelled Due To Pandemic
1,Alex Garland Recalls Discovering Personal Computers While Researching ‘Devs’
1,CEO Assures Employees He Doing Everything In His Power To Lay People Off
1,Answering The Call: Bungie Announced That Master Chief Is Available To Fight Coronavirus But Isn’t Sure How To Make That Happen
1,Names For William H. Macy Around The World
1,"‘I Congratulate Joe Biden, A Very Decent Man,’ Says Bernie Sanders In Unprovoked Attack On Democratic Party Unity"
1,Boyfriend Announces Plan To Spend Infuriating Afternoon Speaking In Australian Accent
1,Report: Probably Best Not To Even Think About Crazy Virus Currently Brewing Inside Axolotl
1,"‘Barber…I Was A Barber,’ Says Man Struggling To Recall Life Before Pandemic"
1,Global Economy Expected To Shrink 3% Due To Pandemic
1,Supreme Court Will Hear Arguments Via Teleconference For First Time
1,"Congress Sets Aside $1,200 In Trust For Each American Until They Prove They’re Responsible Enough To Handle It"
1,Health Experts Say Coronavirus Originated In Promiscuous Bat Who Slept Around A Lot
1,Lonely Pedophile Wistfully Surveys Deserted Schoolyard Playground
1,Americans Begin Receiving Stimulus Checks
1,Bulls Fire GM After 6-Week Winless Streak
1,"Obama: ‘I’m So Proud To Endorse Joe Biden—That’s Who They Went With, Huh?—For President’"
1,Grinning Tim Cook Announces New iPhone Will No Longer Be Compatible With AirPods
1,Pope Francis Finally Close To Finishing Bible
1,8 Electrical Outlets That Would Love The Opportunity To Power A Coffee Maker
1,9 Inconsistencies In The Mysterious Disappearance Of The Countess Wellington
1,Pros And Cons Of Reopening America Before Coronavirus Pandemic Ends
1,Fears Over Food Supply Grows After Nation’s Naughty Little Boys Sneak Into Reserve Stockpiles And Eat All The Sweets
1,"Your Horoscopes — Week Of April 14, 2020"
1,Netflix Algorithm Suggests Viewer Who Enjoyed ‘Ozark’ Will Like Pretty Much Anything
1,DMT Researchers Advise Maintaining 6-Foot Distance From Own Body
1,"Census Foot Soldiers Swarm Neighborhoods, Kick Down Doors To Tally Household Sizes"
1,Aetna Honors All The Brave Insurance Debt Collectors Continuing To Work In This Difficult Time
1,Trump Blasts Dr. Fauci Over Repeated Negative Remarks About Coronavirus
1,NASCAR Driver Suspended Indefinitely For Racial Slur During Livestream
1,Mike Pompeo Warns Iran Stockpiling Tubes To Build Ventilator
1,3 Dogs; 2 Clever Backyard Projects; 4 Candy Bars You Forgot Existed; A Woman Drowning; 2 80s Hairstyles We Loved and 30 Entrepreneurs Under 30
1,Bib-Wearing Nation Holding Forks And Knives Impatiently Waiting For Restaurants To Reopen
1,Postal Service Unveils Plan To Pay Debts With New $1 Trillion Stamp
1,Nation Breathes Sigh Of Relief After Learning Cast Of ‘Brockmire’ Wishes Them Well
1,Nerd Immunity
1,Julian Assange Secretly Fathered 2 Kids In Ecuadorian Embassy
1,Boris Johnson Released From Hospital After Stay In ICU
1,Desperate Red Cross Introduces New High-Powered Arm Juicer To Get Every Last Drop Out Of Donors
1,Violently Bored Americans Begin Looting Puzzle Stores
1,Pandas In Locked-Down Zoo Mate After 10 Years Of Trying
1,Historians Discover Declaration Of Independence Originally Intended As Outlet For Founders To Vent Privately
1,"Bad News, Naughty Dog Fans: ‘The Last Of Us Part II’ Has Been Delayed Again After Joel Was Arrested For Taking Pictures Of Kids At Local Playgrounds"
1,"The Week In Pictures – Week Of April 13, 2020"
1,10 Celebrities You Never Knew Were Abducted And Murdered By Andie MacDowell
1,"‘I Can Still Cook This, Right,’ Asks Woman Holding Up Writhing, Screaming Potato With 8-Foot-Long Roots"
1,Facebook Switchboard Operators Overwhelmed During High-Traffic Afternoon
1,European Vacation Dispatch: All Good Things Must Come To An End
1,Dr. Fauci Calls For End To Handshakes
1,7 Times We Mistook Some Random Long-Haired Guy In The Sky For Jesus
1,Must See: The ‘Final Fantasy VII Remake’ Features The Gorgeous New Opening Film ‘Taxi Driver’
1,KitchenAid Introduces New High-Speed Countertop Chicken Decapitator
1,"LEGO Unveils New 20,000-Piece Ventilator Set To Aid Supply Shortage"
1,"MUST SEE: 10 AMAZING, Totally WTF Brick Photos (NSFW)"
1,Highlights Of ‘Tiger King’
1,One-Third Of American Renters Didn’t Pay On Time In April
1,"‘It Was, For, Uh, Medical Reasons,’ Says Doctor To Boris Johnson, Explaining Why They Had To Give Him Haircut"
1,‘New York Times’ Pledges To Cover Biden Sexual Assault Allegations In Upcoming Crossword
1,Zoom CEO Reclines Back In Chair In Front Of Massive Wall Of Screens Displaying 10 Million Live Video Feeds
1,Walgreens Introduces New Dumbass-Only Shopping Hours For Dipshits Who Don’t Know How To Stay 6 Feet Away
1,Bernie Sanders Drops Out Of Presidential Race
1,Furloughed SeaWorld Orca Trying To Make Ends Meet By Picking Up Trader Joe’s Shift
1,Black Man Shot By Police After Matching Description For Covid-19
1,12 Top-Paying Jobs In The U.S.
1,CDC Releases Instructions For All Americans To Make Their Own Hospitals
1,Astronaut’s Estranged Wife Accused Of Lying About Space Crime
1,Undaunted Sanders Supporters Announce They’ll Continue Presidential Campaign Without Candidate
1,"‘I Congratulate Joe Biden, A Very Decent Man,’ Says Bernie Sanders In Unprovoked Attack On Democratic Party Unity"
1,European Vacation Dispatch: Ciao From The Venetian Riviera!
1,SeaWorld CEO Resigns After Furloughing 90% Of Workers
1,Damning Report Finds White House Ignored Skeletal Horsemen Galloping Through Sky As Early As January
1,How Unemployment Benefits Work
1,NASA Launches Vengeance Rover To Pay Back Mars For Killing Opportunity Back In 2018
1,"‘Just Go Home And Sleep It Off,’ Says Doctor To Coughing, Feverish Black Patient"
1,Olympic Torchbearer Has Been Jogging In Place On Street Corner For Past 2 Weeks
1,12 Shocking Table Corners We Wish We Could Unsee
1,Lady Gaga Announces Multi-Network Covid-19 Benefit Concert Telecast
1,"Exhausting Every Other Way To Pass Time, Couple Begins Ranking Their Lamps"
1,Black Man Followed In Store From Exactly 6 Feet Away
1,Trump Overturns Presidential Limo While Touting Effectiveness Of PCP To Treat Coronavirus
1,Allstate Returns Over $600 Million In Auto Premiums As Drivers Stay Home During Pandemic
1,Wisconsin Primary Voters Receive ‘I Voted’ Gravestones
1,Senator Kelly Loeffler Asks For Prayers After Losing $3 On Single Stock Due To Coronavirus
1,Grubby Hub
1,Ratings-Hungry Chris Cuomo Devotes Program To Interviewing 23 Other Cuomo Brothers
1,"Uh, Thanks?: Sony Has Announced That PlayStation Plus Subscribers Can Download The Movie ‘Spanglish’ For Free During The Month Of April"
1,11 AMAZING Photos Of Doug Bramowski As He Slowly Realizes His Wife Is Having An Affair
1,"Your Horoscopes — Week Of April 7, 2020"
1,Wisconsin Holds Democratic Primary Despite Coronavirus Concerns
1,European Vacation Dispatch From Leslie Price
1,"Boris Johnson Released From Hospital After Defunding It, Shutting It Down"
1,Georgia Governor Argues That Closing State’s Beaches An Attack On Citizens’ Fundamental Right To Get Wet ’N’ Wild
1,"Crazed, Quarantined Mental Health Experts Recommend Scrawling ‘Everything Will Be Okay’ In Feces On Wall"
1,Trump Admits 18 New States To Increase Competition For Medical Supplies
1,Scientists Announce They Have Probably Successfully Taught Sign Language To Snakes
1,Americans Urged To Make Their Own Face Masks
1,"Surgeon General: ‘This Week Will Be Like Another Pearl Harbor—And Not In A Good Way, Either’"
1,15 Most Common Misspellings
1,"The Week In Pictures – Week Of April 6, 2020"
1,NYPD Razes Central Park Hospital Tents For Violating Outdoor Encampment Laws
1,"FDA Eases Restrictions On Blood Donations From Gay, Bisexual Men"
1,Effects Of Coronavirus On The Internet
1,CORONAVIRUS LOCKDOWN DAY FIVE: The Last Will And Testament Of Topical Host Leslie Price
1,Coronavirus Task Force Member Receives Security Detail Following Threats
1,In God We Trust: The All-Time Sexiest Dimes
1,Southern Governors Argue Covid-19 Good Christian Virus That Wouldn’t Dare Spread During Church
1,Jared Kushner Says States Should Have Planned Ahead Before Joining The Union
1,"I Created The Microsoft Zune, Planned The Bay Of Pigs, And Designed The Challenger Shuttle: Here Is What The Democrats Must Do To Beat Trump In November"
1,Review: ‘Resident Evil 3’ Remaster Makes Game Even Scarier By Replacing The Nemesis With Romanian Dictator Nicolae Ceaușescu
1,Remington Releases .000009 Millimeter Anti-Viral Bullet
1,11 Dogs So Perfect They’ll Make You Google Your State’s Bestiality Laws
1,"ESPN Execs: ‘Fuck It, Air The Dogfighting’"
1,Spotify Launches App For Children
1,"Los Angeles Mayor Urges Residents To Wear Face Masks, Lose 15 Pounds, Maybe Go Brunette"
1,CORONAVIRUS LOCKDOWN DAY FOUR: Host Leslie Price Confronts The Cursed Scratching Within His Walls
1,"Woman Working From Home Not Sure She’ll Ever Be Able To Go Back To Regularly Wearing Bra, Dress, Big White Gloves, Minnie Mouse Head"
1,Cousin Reluctantly Checked In On
1,Bidet Sales Skyrocket During Coronavirus Pandemic
1,"‘They’re Doing Something To The Street,’ Reports Nation Staring Out Window"
1,Quarantined Umpire Cleans His Entire Home With Tiny Brush
1,Check Out This Egg
1,BREAKING: This Is A Test Of The Onion’s Emergency Headline System
1,Zoom App Sued For Sharing User Data
1,‘The Onion’ Glossary To Coronavirus Pandemic Terms
1,Careless Imprisoned Migrants Showing Zero Respect For Social-Distancing Rules
1,CORONAVIRUS LOCKDOWN DAY THREE: Scientists No Closer To Understanding How Pressing Buzzer Unlocks Apartment Door
1,Pandemic Lockdowns Improve Air Quality Worldwide
1,Study Finds Most Restaurants Fail Within First Year Of It Becoming Illegal To Go To Them
1,Anthropologists Who Discovered Existence Of Goblins Just Going To Let Coronavirus Thing Die Down Before Making Announcement
1,Life Risked Once Again Purchasing Frozen Waffles
1,Video Games Are Officially Art! Andres Serrano Just Submerged A Copy Of ‘Super Mario Odyssey’ In A Jar Of Piss
1,Avid Sports Bettor Forced To Gamble On Stock Market Like Real Degenerate
1,Rikers Inmates Punished After Guards Catch Them Trying To Make Bootleg Coronavirus Vaccine
1,It Instantly Clear Girlfriend Used To Fuck Guy Being Mentioned In Anecdote
1,Van Gogh Painting Stolen On Painter’s 167th Birthday
1,12 Xtreme Slides Just For Teens
1,CORONAVIRUS LOCKDOWN DAY TWO: Porn Industry Leaders Announce Immediate Closures Of All Orifices
1,Horse Probably Only Vegetarian For Attention
1,"Perseverance Rover Will Carry Essays, List Of Names To Mars"
1,Parton Parcel
1,Trump Tackles Medical Supply Shortage By Awarding ExxonMobil Contract To Drill For Ventilators In Arctic
1,New York Quickly Builds Thousands Of Emergency Hamptons Mansions To Shelter Wealthy
1,How To Solve A Rubik’s Cube
1,Disney Announces Plans To Release ‘Mulan’ Directly Into Americans’ Consciousness
1,Tips For Getting Started On ‘Persona 5 Royal’
1,"Your Horoscopes — Week Of March 31, 2020"
1,Employee Proves Diligence By Arriving To Video Conference Call Extra Hour Early Every Morning
1,Man Watching Space Force Rocket Launch Gazes In Awe At The Power Of Human Stupidity
1,CORONAVIRUS LOCKDOWN DAY ONE: Jesus Christ Cancels Return To Earth Amid Pandemic
1,New York City Health Officials Board Up Sun To Discourage Large Groups From Gathering Outside
1,"‘What Is This Strange Sensation,’ Announces Nation Putting On Shoes For First Time In A While"
1,Neanderthals Ate Seafood Including Sharks And Dolphins
1,Trump Delays Easter To July 15 To Keep Promise On Coronavirus
1,Instacart Employees Plan Nationwide Strike Monday
1,New Report Finds Americans Willing To Trust Scientific Knowledge Of Anyone Holding Glass Beaker Up To Light
1,Psychologists: So-Called ‘Dr. Fauci’ Just A Figment Of Nation’s Collective Imagination
1,"8 Photos Of You, The Reader"
1,"Amazon Announces Unlimited Time Off, Increased Health Benefits For All Warehouse Robots"
1,"The Week In Pictures – Week Of March 30, 2020"
1,Scientists Discover Earliest Common Ancestor To All Animal Life
1,Trump Announces Plan To Retrain Nation’s 3 Million Unemployed Americans As Human Ventilators
1,Doctors Encourage More Women To Regularly Perform Breast Self-Exams To See If They Need Implants
1,Kawhi Leonard Misses Second Consecutive Family Game Night Citing Load Management
1,What’s In Congress’ Coronavirus Stimulus Bill
1,Americans Look For Ways To Help During Coronavirus Pandemic
1,20 Women Throughout History And 5 From The Future
1,Global Pandemic That Has Killed Thousands Giving Woman Just The Push She Needed To Organize Tupperware Cabinet
1,Department Of Interior Announces Birds Will Continue Going About Regular Bird Activities During Pandemic
1,"Miss E3? Check Out Our Recreation With A Bunch Of Sweating, Overheated Gamers We Locked In Our Janitorial Closet"
1,10 Photos That Will Make You Angry Because You Are A Strange Person Who Gets Upset At Pictures Of Wallets
1,Study Finds Female Mammals Live Longer Than Males
1,NASA Finds Life Drowned On Mars
1,Man Reflects On Cyclical Nature Of Existence After Learning McDonald’s Has Stopped Offering All-Day Breakfast Once Again
1,"1,000-Bed Hospital Ships Deployed To New York, LA"
1,Haunting Photographs Capture Empty Spaces Around The Country Amid Shelter-In-Place Orders
1,Unpatriotic Whiner Demands Ventilator
1,"Congress Sets Aside $1,200 In Trust For Each American Until They Prove They’re Responsible Enough To Handle It"
1,British Man Astounded To Hear How Much It Would Cost To Get Mustard Jar Removed From Rectum Under U.S. Healthcare System
1,Jigsaw Puzzle Missing Like 999 Pieces
1,Tom Brady Awakens From Week-Long Kombucha Bender To Discover He’s A Tampa Bay Buccaneer
1,8 INSANELY CUTE Child Soldiers
1,U.N. Names Finland Happiest Country For Third Year In A Row
1,"National Park Service Under Fire For Wasting $40 Million To Pamper A Single, Charming Moose"
1,"Deal Alert: The Federal Government Is Cutting You A $1,200 Stimulus Check That You Can, And Should, Spend Exclusively On 75 Copies Of ‘Stardew Valley’"
1,TheOnion.com Has Been Designated As A Pandemic Shelter In The Event That Covid-19 Could Spread Through The Internet
1,Man Just Buying One Of Every Cleaning Product In Case Trump Announces It’s Coronavirus Cure
1,British Royal Family Orders Citizens To Leave U.K. Until Prince Charles Recovers
1,China Will Lift Lockdown On Wuhan April 8th
1,Woman Working From Home Instinctively Tries To Steal Tampons From Own Bathroom
1,Pros And Cons Of CBD For Pets
1,OGN Investigates: We Exposed An Orphan To Nothing But Violent Games For The First 12 Years Of His Life And While It Didn’t Make Him Violent He Sure Came Out Weird
1,10 Photos Of Plus-Size Models We Deserve A Pat On The Back For Running
1,Everything You Need To Know About ‘Half-Life: Alyx’
1,Woody Allen’s Memoir Released After Being Dropped By Original Publisher
1,Trump Suggests Ceding New York To Coronavirus As Possible Appeasement Strategy
1,Russia Pledges To Run Completely Positive Disinformation Campaign In 2020
1,CDC Launches Coronavirus Bot For Americans To Check Symptoms
1,Trump Urges Loosening CDC Restrictions To Let Coronavirus Get To Work
1,Olympic Dressage Rider Enraged After Spending Past 4 Years Jauntily Trotting Around On Horse For Nothing
1,"Your Horoscopes — Week Of March 24, 2020"
1,6 Dogs Who Know How To Have Fun
1,GOP Urges End Of Quarantine For Lifeless Bipedal Automatons That Make Economy Go
1,"God Possesses Pope Francis’s Body, Spins Head Around In Miraculous Sunday Mass"
1,Restless Trump Can’t Believe He Stuck Inside With Nothing To Do But Be President
1,Coronavirus Forces Landlord To Cut Back On Taking Care Of Building From 1 To 0 Hours A Week
1,Ohio Orders Halt To Most Abortions During Coronavirus Pandemic
1,"‘This Tastes Like Nothing, I Must Have Coronavirus,’ Says Man Who Has Only Eaten Mac And Cheese For Last 8 Meals"
1,Self-Isolated Woman Going So Crazy She’s Started Talking To Her Spouse
1,Nation Close To Getting Videoconferencing Software To Work
1,Americans Seek To Stay Social While Self-Isolating
1,"Dog Not Sure How To Interpret Crazy Dream Where It Saw Squirrel, Barked At Squirrel"
1,OGN’s Best Games To Play During The Coronavirus Quarantine
1,Disturbing New Study Finds American 5th-Graders Only Absorbing Targeted Advertisements At 1st-Grade Level
1,10 Things Your Parents Were Right About
1,"The Week In Pictures – Week Of March 23, 2020"
1,NASA Announces They Definitely Just Destroyed An Asteroid
1,Aquarium Lets Penguins Take Tour Of Premises During Coronavirus Shutdown
1,Experts Warn Americans Could Still Be Dealing With Coronavirus As Late As Tomorrow Afternoon
1,Amazing Lore: ‘Doom Eternal’ Creators Confirm Every Demon You Fight In The Game Went To Hell For Masturbating As Teenagers
1,Trump Orders Manufacturers To Drastically Ramp Up Production Of Hospital Gift Shop Supplies
1,TV Shows Donate Medical Supplies To Hospitals Amid Pandemic
1,Hospital Holding Back Extra Coronavirus Test Kit In Case Josh Duhamel Needs One
1,The Dos And Don’ts Of Social Distancing
1,Richard Burr Wondering When Profiting Off Mass Suffering Suddenly Became A Crime In This Country
1,8 Unlikely Animal Friendships
1,"‘Animal Crossing: New Horizons’ Developers Confirm No One Can Hurt You Here, No One Can Make You Scared"
1,Trump Administration Releases Best Case Scenario Projections For Coronavirus Where 8 Million Iranian People Die
1,Google Offers Virtual Tours Of World’s Museums And Cultural Sites
1,"Dark, Ominous Storm Clouds Atop Mount Money Indicate Recession Could Be Near"
1,Tik-Tok May Have Buried Posts From Ugly Users
1,Trump Seeks To Stimulate Economy By Sending Rare Autographed Photo To Every American
1,Defiant 123-Year-Old Not Going To Let Coronavirus Stop Him From Hanging Out With Friends
1,Woman Annoyed Cat Would Rather Play With Hair Tie Than Expensive Gaming Console She Bought It
1,6 Startling Before And After Photos Of Meth Users
1,Triumphant Jared Kushner Announces Plan To Move CDC Headquarters To Jerusalem
1,Huge Announcement: Sony Just Revealed The PS5 Can Function As A Makeshift Gravestone To Mark The Site Of Your Shallow Burial
1,Marina Abramović Stolen In Daring Performance Art Heist
1,"Amazon Hires 100,000 Workers In Wake Of Coronavirus Surge"
1,Employee Working From Home Frantically Trying To Finish Report By End Of Days
1,Tom Brady Leaves New England Patriots
1,Microsoft Confirms Xbox Series X Next-Gen Graphics Will Finally Allow Games That Are All Realistic Hair And Water
1,"Trump Quietly Checks With Aides To Make Sure He’d Be Included In Receiving $1,000 Government Checks"
1,‘The Onion’ Looks Back On Tom Brady’s Career As The New England Patriots All-Time Greatest Kisser
1,Trump Hits Back At China By Announcing U.S. Will Also Expel American Journalists
1,Bucs Sign Replacement-Level Veteran To Hold Down QB Position Until They Draft Starter
1,Frustrated Dog Has No Time To Jerk Off Now That Owner Home All Day
1,Conservative Worries Relief Checks Would Discourage Americans From Providing For Selves By Killing Him And Taking His Property
1,10 Most OMG Adorable Animals
1,Timeline Of Trump Administration’s Response To Coronavirus
1,Universal Pictures Makes Movies Currently In Theaters Available For Home Viewing Following Coronavirus Concerns
1,"Amazon Hires 100,000 New Workers To Cram In Close Quarters Just For Kicks"
1,Kansas Basketball Devastated They Won’t Get Opportunity To Vacate National Championship
1,"Fiat Recalls More Than 10,000 Cars For Not Looking Small And Weird Enough"
1,Nation’s 108 Million Service Industry Workers Assure Public That Job Is Just Way To Stay Busy After Winning Lottery Years Ago
1,Who Said It: Kanye West Or An Instruction Manual For The Cuisinart CRC-400 Electric Rice Cooker?
1,CDC Urges Americans To Prevent Spread Of Germs By Beatboxing Into Elbow
1,Americans Mark St. Patrick’s Day
1,"Your Horoscopes — Week Of March 17, 2020"
1,Tom Brady: ‘I Want To Thank All The Insufferable New England Fans For Giving Me A Reason To Get The Hell Out Of Here’
1,Amazing Detail: Every Game In ‘MLB The Show’ Will Feature A Frustrated Father Sitting In The Stands Next To His Husky Son Playing A Nintendo DS
1,Congress Allocates $2 Trillion To Bail Out Struggling Bailout Industry
1,Biden Pledges To Select Woman As Vice President Since Position Doesn’t Entail Much Anyway
1,Woman Tries To Spark Casual Chat In Long Grocery Store Line As If She Not Desperately Attempting To Outrun Death
1,Americans Urged To Help ‘Flatten The Curve’ Of Covid-19 Pandemic
1,Outbreaks In Victorian England Confirm Coronavirus Capable Of Spreading Through Time
1,"Biden, Sanders Go Head-To-Head In Debate"
1,Pfizer Pours All Resources Into Developing New Hyper-Depressant Pill To Help Americans Ease Transition Into Self-Quarantining
1,Porn Industry Leaders Announce Immediate Closure Of All Orifices
1,Report: Cat Can Tell You’ve Been Drinking Again
1,10 Crazy Optical Illusions
1,Idaho Governor Orders State’s Restaurant To Be Shut Down
1,Divorced Mom At Point In Life Where She Figures She Might As Well Start Writing Erotic Letters To Men In Prison
1,"The Week In Pictures – Week Of March 16, 2020"
1,Rob Gronkowski Signs Deal With World Wrestling Entertainment
1,An Alarming Crime Scene In New England
1,Trump Advises Americans Worried About Coronavirus To Just Get Doctor Who Always Tells Them They In Perfect Health
1,‘I Have Coronavirus And I Am Dead’ Says Trump Furthering Confusion Over COVID-19
1,"College, Professional Sports Seasons Postponed And Suspended Following Coronavirus Fears"
1,Movie Theaters Packed With Frenzied Crowds Trying To Catch Last-Minute Screening Of ‘Sonic’ Film Before Coronavirus Hits
1,Frustrated Jared Kushner Doesn’t Get Why Everyone In Media Attacking His Qualifications Like They Didn’t Just Get Jobs Through Nepotism Too
1,Kushner Announces Doctors HATE Him After He Discovered One Weird Trick To CURE Coronavirus
1,Trump Assures Americans He Called 911 To Report Coronavirus Outbreak
1,Health Experts Worry Coronavirus Will Overwhelm America’s GoFundMe System
1,Everything You Need To Know About ‘Nioh 2’
1,How U.S. Organizations Are Responding To The Coronavirus Outbreak
1,Guests Spit Mouthfuls Of Tuna Into Buckets At StarKist Cannery Tour Tasting Room
1,Orioles Suggest That MLB Maybe Consider Canceling Entire Season Just To Be Totally Safe
1,‘New York Times’ Offering Free Access To Obituaries During Coronavirus Outbreak
1,Federal Reserve Takes Drastic Action By Pumping $1.5 Trillion Into The Ether
1,Racist ‘Song Of The South’ Will Not Be Added To Disney+
1,Italy Travel Ban Gives Rise To Underground Network Of Gondoliers Smuggling Tourists Into Country
1,James Harden Pledges 10 Million Dollar Bills To Keep Nation’s Strip Clubs Afloat During Pandemic
1,Green Giant Takes A Stand Against Gun Violence
1,Dow Jones Drops 20% As Pandemic Fears Grow
1,Top U.S. Health Experts: ‘Hold On To Your Fucking Seats Because This Bitch Hasn’t Even Thought About Starting Yet’
1,Best Buy CEO Humbly Asks If Everyone Can Go Out And Buy A Cord Or Something To Help With Company’s Coronavirus Losses
1,Harvey Weinstein Placed Under Intensive Suicide Encouragement At Rikers Island
1,Coworkers At Bathroom Sink Locked In Tense Standoff Over Who Going To Wash Hands Longer
1,‘You A Pumpkin-Headed Bitch’ Announces Bus Teenager
1,Myth Vs. Fact: Coronavirus
1,BP Executives Combat Negative Perceptions Of Fossil Fuel Companies By Putting Iceberg In Hotel Room With Murdered Prostitute
1,Judge Rules Led Zeppelin Did Not Steal ‘Stairway To Heaven’ Riff
1,Son-Of-A-Bitch Mouse Solves Maze Researchers Spent Months Building
1,Putin Backs Constitutional Amendment That Could Keep Him In Office Through 2036
1,Best Methods For Staying Safe From Coronavirus
1,"‘I Can’t Wait To Dress Up As The Coronavirus For Halloween,’ Says Man Who Will Be Dead By May"
1,Biden Extends Olive Branch To Biden Supporters
1,Tulsi Gabbard Named Democratic Nominee After Discovery Of Obscure Rule That Grants Nomination To Whoever Wins 0.7% Of The Vote In Missouri
1,Girlfriend Making Playlist Of Bands You Might Like To Associate With Her Forever
1,Dole Introduces New Voice-Activated Grapefruit
1,Wells Fargo Board Members Resign Following Congressional Report
1,Is Bernie Sanders Too Old To Be The Next James Bond?
1,Lucky Cruise Passengers Get Bunch Of Extra Days On Ship
1,Twitter Adds ‘Manipulated Media’ Label To Video Retweeted By Trump
1,Things Must Be Getting Pretty Serious For Girlfriend’s Dad To Gift Bottle Of BBQ Sauce
1,Insecure Man Worried Everyone At Gym Will Stare At His Perfectly Chiseled Body
1,Cashier Enlists Assistance Of Slightly More Competent Cashier
1,"‘Vote Blue No Matter Who, Vote Blue No Matter Who,’ Chants Man Filling In Every Bubble On Democratic Primary Ballot"
1,"Your Horoscopes — Week Of March 10, 2020"
1,CDC Advises Americans To Protect Against Coronavirus By Piling Into This Here Tub For A Scrubbin’
1,NASA Says Lettuce Grown In Space Is Safe To Eat
1,Pope Francis Urges Priests To Refrain From Molesting Children Over Coronavirus Fears
1,New Study Finds Most Premature Births Occur After Fetus Smells Something Delicious Outside
1,Dow Rallies After It Turns Out Trader Who Jumped Out Window Was Merely Having Marital Problems
1,Pope Francis Gives Blessings Via Video In Effort To Reduce Spread Of Coronavirus
1,Woman’s Subconscious Not Sure How Much More Clearly It Can Communicate That Her Teeth Going To Fall Out Soon
1,Fact That Man Being Criticized Just Goes To Prove His Point
1,Biden Gives Speech From South African Jail Cell Where He Still Imprisoned For Supporting Nelson Mandela
1,"The Week In Pictures – Week Of March 9, 2020"
1,Steph Curry Returns To NBA Following Injury
1,FAA Restricts Passenger Jets To Flying No More Than 15 Feet Above Ground
1,73-Year-Old Billie Eilish Breaks Silence To Discuss Ravages Of Fame In Interview From Hermetically Sealed Mansion
1,Smithsonian Apologizes For Fraudulent ‘Treasures Of Obama’s Tomb’ Exhibit
1,Elizabeth Warren Suspends Presidential Campaign
1,Man Talking Big Game About Having Shroom Hookup Folds Almost Immediately Under Pressure
1,Key Priorities For Trump’s Reelection Campaign
1,Man Who’s Really Excited To One Day Have Children Must Be Pedophile
1,Former TV Host Must Pay PBS $1.5 Million For Violating Morality Clause
1,‘The Onion’ Celebrates International Women’s Day
1,Biden Defends Past Inappropriate Touching Of Women As Symptom Of Stuttering Hands
1,CDC Warns Public Of Mutating Coronavirus
1,Ruth Bader Ginsburg Flirting With 67-Year-Old Intern Again
1,Dixie Chicks Release First New Single In 14 years
1,"‘We Have Coronavirus Under Control,’ Announces CDC Director As Nose Slowly Transforms Into Pangolin Snout"
1,Restaurant Expensive Enough That Menu Just Single Sheet Of Really Nice Paper
1,Self-Congratulatory Civility Between Disagreeing Internet Commenters Honestly Worse Than Fight Would Have Been
1,"Vindictive Amy Klobuchar Elected Mayor Of South Bend, Indiana"
1,Biden Wondering Where All This Support Was When He Still Had Functioning Brain
1,Amazing Collaboration: NASA Is Working With Nintendo To Learn How They Got The ‘?’ Blocks In ‘Mario’ Games To Float In The Air
1,Apple Ordered To Pay Up To $500 Million Over Slow iPhones
1,Health Officials Ask Americans To Stop Buying Face Masks
1,Catholic Leaders Transfer Most Alluring Children To Another Church
1,Serial Killer Nostalgic For Bygone Days When He Could Still Get Excited By Something As Simple As Setting A Dog On Fire
1,Man Loses Control Of Stretch
1,Sanders Supporter Urges Importance Of Listening To Minority Voices Just Not Specifically The Ones Who Handed Victory To Biden
1,Frustrated Bloomberg Staffer Literally Just Aborted Fetus For This Job
1,Biden Says Incredible Comeback Proves He Can Beat Progressive Democrat In A General Election
1,Elderly Woman Wheeling Oxygen Tank Takes Over Bus’ Priority Seating Like Most Feared Inmate On Prison Yard
1,Closet With The Luggage All Fucked Up
1,Worst Pandemics In Global History
1,Woman Braces Self As Documentary Shows Sea Lions Happily Swimming Near Shoreline
1,‘Judge Judy’ Ending After 25 Seasons
1,Amazing News Gamers: Everyone Is Having A Great Time Playing Video Games
1,Area Man Unaware Lifelong Aerosmith Fandom Caused By Early Imprinting Of Steven Tyler As Father Figure
1,White House Condemns 2020 Election As Partisan Witch Hunt
1,Americans Urged To Stockpile Loved Ones Ahead Of Coronavirus Outbreaks
1,"Buttigieg, Klobuchar Endorse Biden After Suspending Campaigns"
1,"God Happens Upon Tribe Of Primitive, Sky-Worshipping Angels In Previously Uncontacted Region Of Heaven"
1,Snack Industry Runs Out Of Ways To Escalate The Word ‘Cheese’
1,Last-Minute Change To Super Tuesday Primary Rules Requires All 14 States To Vote At Same Polling Place
1,Panicked WHO Officials Not Sure How To Respond After Coronavirus Brings 12 People Back To Life
1,Biden Confident After Spending Super Tuesday Stumping Across Iowa
1,Astronomers Discover ‘Mini-Moon’ Orbiting Earth
1,Baby Totally Strung Out On Attention
1,New Neutrogena Deep Cleanse Just 130-Pound Chimp That Rips Your Face Off
1,"Your Horoscopes — Week Of March 3, 2020"
1,Tom Steyer Drops Out Of Democratic Presidential Race
1,"Report: More Americans Opting To Cut Cord By Building, Launching Own Satellite Into Orbit"
1,DNC Commits To Younger-Looking Leadership With New Rejuvenating Skincare Routine
1,Man Commits To Being Overly Nice For Next 45 Minutes To Friend He Just Snapped At
1,Eukaryote Traumatized After Accidentally Witnessing Parent Cell Undergo Mitosis
1,Depressed Mom Can’t Even Enjoy Adult Son’s New Haircut
1,"Buttigieg Drops Out Of Democratic Race After Slamming Own Plan To Be President As ‘Naive, Unrealistic Pipe Dream’"
1,Olive Garden Unveils New All-You-Can-Eat Assisted Suicide Dinners For Terminally Ill Customers
1,Building Self-Conscious About Patch Of Discolored Bricks
1,Damning New Footage Shows Sanders In 1980s Arguing Madonna Could Never Make Transition From Music To Film
1,Americans Conned Out Of $201 Million In Online Romance Scams In 2019
1,Study: Majority Of Americans Not Prepared For When Sun Engulfs Earth In 7.5 Billion Years
1,"The Week In Pictures – Week Of March 2, 2020"
1,"Weighted Blanket Sure To Succeed Where CBD, Salt Lamp, Oil Diffuser, Acupressure Mat, Bath Bombs, And White Noise Machine Failed"
1,Trump Claims Responsibility For Longest Black History Month In 4 Years
1,Olympic Committee Announces Tokyo Games Will Still Go On As Planned Because True Athletes Embrace Every Obstacle That Comes Their Way
1,Pentagon Awards Oscar Mayer $102 Million Contract For New Military-Grade Hot Dog
1,Man Annoyed He No Longer Even Able To Go To Wuhan To Eat Bats Without Mom Freaking Out
1,NFL Draft Prospect Sets Combine Record By Scrubbing Entire Social Media Presence In 17.64 Seconds
1,Marine Corps Orders Removal Of Confederate Symbols From All Bases
1,"Warren Tells Supporters To Cut That Pinterest Shit Out, This Is Serious"
1,Obama Kind Of Hurt No One’s Even Asked For His Endorsement
1,"Authorities Arrest 15,000 At FugitiveCon 2020"
1,Myth Vs. Fact: Stop-And-Frisk Policy
1,Child Doing Stations Of The Cross Reflects On Boredom Christ Must Have Felt During Crucifixion
1,Scotland Set To Become First Country To Provide Free Menstrual Products To All Women
1,‘I’ll Show Those Pricks!’ Screams Mitt Romney Driving Busload Of Pregnant Women To Abortion Clinic After Being Disinvited To CPAC
1,Professional Rodeo Cowboys Association Horrified To Learn Madison Bumgarner Risking Health As Baseball Pitcher
1,CBS Inks Deal For 30-Episode Bloomberg Ad
1,Maria Sharapova Retires From Tennis
1,"‘I Like This Candidate Now And Will Vote For Him,’ Says Area Man After Having To Watch 12th Bloomberg Ad In Single Day"
1,"New, Inclusive Gerber Campaign Features First Adult Gerber Baby"
1,Timberwolves Fire Clerk On Accounts Receivable Team In First Step Towards Turning Franchise Around
1,Man Doesn’t Mind Long Commute Because It Gives Him Extra Time To Listen To Voice In Head Saying He Can’t Keep Living Like This
1,"‘No, Stop, Please,’ Shouts Woman As Hands Uncontrollably Google All Of Boyfriend’s Exes"
1,Candidates Struggle To Answer Question About Future Of Granite Countertops During HGTV Town Hall
1,"‘No Way To Prevent This,’ Says Only Nation Where This Regularly Happens"
1,CDC Warns Of U.S. Coronavirus Outbreak
1,Greatest Video Game Weapons Of All Time
1,CDC Warns Against Potential Health Risks Of Flavored Gun Barrels
1,Breaking: Mama!
1,Effects Of The #MeToo Movement
1,Iran’s Deputy Health Minister Announces He Has Coronavirus And Also Hemorrhoids But That’s A Separate Thing That He Will Deal With On His Own
1,Actor Hank Azaria To Stop Voicing Apu On ‘The Simpsons’
1,Sanders Supporter Sick Of Movement Being Defined By Small Number Of Toxic Members Like Him
1,Trump Holds Diplomatic Ceremony To Formally Welcome Coronavirus To United States
1,Driver Enraged At Rider Who Threw Up In Ambulance
1,Neurosurgeon Feels Lucky He Was Able To Turn Hobby Into Career
1,This The Part Of Musical Number Where Everyone In Chorus Slowly Kneels Around Main Character
1,"‘I’m Free, I’m Finally Free!’ Thinks Parent Before Realizing Lost Child Just Hiding Inside Clothes Rack"
1,Handwritten Sign Clarifies Flooded Urinal Covered In Garbage Bag ‘Out Of Order’
1,Moderators Kick Off Debate By Asking Whether Bloomberg Ready To Get Shit Rocked Again
1,Klobuchar Hoping To Distinguish Herself During Debate As Only Candidate Not Sucker Punched In Gut Moments Before Stepping On Stage
1,Netflix Adds ‘Top 10’ List Featuring Most Popular Shows
1,Elena Kagan Worried She’s A Fraud After Being Only Female Justice Not Called Out By Trump
1,Yosemite On Lockdown After Bear Spotted In Park
1,Idiotic Squirrel With Acorn Runs Away From Man As If He Doesn’t Get To Eat All The Nuts He Wants
1,Harvey Weinstein Found Guilty
1,Quentin Tarantino Has Son In Latest Homage To Spaghetti Western Director Sergio Leone
1,"Reform ‘Fifty Shades’ Reader Doesn’t Think Christian And Ana Literally Indulged In Bladder Control Fetish, But Derives Meaning From Story Nonetheless"
1,"Dead-Eyed Tattoo Artist Has Inked ‘Tomorrow Is Promised To No One’ 5,000 Times In Past Year"
1,Nation’s Men Stunned To Realize Sexual Harassment Problem May Go As Far Back As 1990
1,Jörmungandr Succumbs To First Recorded Case Of Human-To-God Coronavirus Transmission
1,"Your Horoscopes — Week Of February 25, 2020"
1,So-Called ‘Flash Sale’ May Have Been Strategized Weeks In Advance
1,Outback Introduces New Bloomin’ Cow
1,Scientists Use Artificial Intelligence To Discover New Antibiotics
1,Trump In India Hails Blossoming Relations Between The 2 Planets
1,Federal Government Reinstitutes Practice Of Spanking Criminals As Punishment
1,Embarrassed Heart Surgeon Admits He May Have Accidentally Left Sanders’ Medical Records In Candidate’s Chest
1,"‘You Take These Cuffs Off Of Me And I’ll Make You A Star,’ Says Harvey Weinstein To Female Bailiff Escorting Him Out Of Courtroom"
1,Trump Visits India
1,Desperate CDC Director Walks Down Hall Of Imprisoned Diseases For One-On-One Talk With Avian Flu About Stopping Coronavirus
1,U.S. Unveils Plan For Rest Of World To Become Carbon-Neutral By 2030
1,PETA Quietly Testing ‘Coronavirus Is A Living Thing’ Ad Spots In Few Small Markets
1,Smithsonian Museum Celebrates Black Alternate History Month With Full-Scale Recreation Of W.E.B. Du Bois’ War Zeppelin
1,Pathetic: This Gamer Who Got Shot 3 Times Went To A Hospital Instead Of Just Crouching Behind Cover For 10 Seconds
1,"Concerned Baby Starting To Worry Lethargic, Distant Mom Not Suffering From Postpartum Depression At All"
1,"The Week In Pictures – Week Of February 24, 2020"
1,Forever 21 Bought Following Bankruptcy
1,"Trump Administration Rolls Back Hunting Regulations Forbidding Use Of Chokeholds, Eye Gouging On Birds"
1,Pete Alonso Asks Teammates Whether They’d All Rather Sign Up For Volleyball This Year
1,Anti-Cyberbullying Campaign Encourages Kids To Get Out There And Do It In Person
1,Roger Stone Sentenced To Over 3 Years In Prison
